{
    "textures": {
        "particle": "blocks/glass_blue",
        "0": "blocks/glass_blue",
        "1": "blocks/glass_blue_1"
    },
    "elements": [
        {
            "name": "Glass Frame",
            "from": [ 0.0, 0.0, 0.0 ], 
            "to": [ 16.0, 16.0, 16.0 ], 
            "faces": {
                "north": { "texture": "#0", "uv": [ 0.0, 0.0, 16.0, 16.0 ] },
                "east": { "texture": "#0", "uv": [ 0.0, 0.0, 16.0, 16.0 ] },
                "south": { "texture": "#0", "uv": [ 0.0, 0.0, 16.0, 16.0 ] },
                "west": { "texture": "#0", "uv": [ 0.0, 0.0, 16.0, 16.0 ] },
                "up": { "texture": "#0", "uv": [ 0.0, 0.0, 16.0, 16.0 ] },
                "down": { "texture": "#0", "uv": [ 0.0, 0.0, 16.0, 16.0 ] }
            }
        },
        {
            "name": "3D Texture",
            "from": [ 0.0, 0.0, 0.0 ], 
            "to": [ 0.5, 16.0, 0.5 ], 
            "faces": {
                "north": { "texture": "#1", "uv": [ 6.0, 8.0, 7.0, 9.0 ] },
                "east": { "texture": "#1", "uv": [ 6.0, 8.0, 7.0, 9.0 ] },
                "south": { "texture": "#1", "uv": [ 7.0, 8.0, 8.0, 9.0 ] },
                "west": { "texture": "#1", "uv": [ 7.0, 8.0, 8.0, 9.0 ] },
                "up": { "texture": "#1", "uv": [ 7.0, 9.0, 8.0, 10.0 ] },
                "down": { "texture": "#1", "uv": [ 7.0, 6.0, 8.0, 7.0 ] }
            }
        },
        {
            "name": "3D Texture 1",
            "from": [ 15.5, 0.0, 0.0 ], 
            "to": [ 16.0, 16.0, 0.5 ], 
            "faces": {
                "north": { "texture": "#1", "uv": [ 6.0, 8.0, 7.0, 9.0 ] },
                "east": { "texture": "#1", "uv": [ 6.0, 8.0, 7.0, 9.0 ] },
                "south": { "texture": "#1", "uv": [ 7.0, 8.0, 8.0, 9.0 ] },
                "west": { "texture": "#1", "uv": [ 7.0, 8.0, 8.0, 9.0 ] },
                "up": { "texture": "#1", "uv": [ 7.0, 9.0, 8.0, 10.0 ] },
                "down": { "texture": "#1", "uv": [ 7.0, 6.0, 8.0, 7.0 ] }
            }
        },
        {
            "name": "3D Texture 2",
            "from": [ 0.0, 0.0, 0.0 ], 
            "to": [ 16.0, 0.5, 0.5 ], 
            "faces": {
                "north": { "texture": "#1", "uv": [ 0.0, 0.0, 16.0, 0.5 ] },
                "east": { "texture": "#1", "uv": [ 0.0, 0.0, 0.5, 0.5 ] },
                "south": { "texture": "#1", "uv": [ 0.0, 0.0, 16.0, 0.5 ] },
                "west": { "texture": "#1", "uv": [ 0.0, 0.0, 0.5, 0.5 ] },
                "up": { "texture": "#1", "uv": [ 0.0, 0.0, 16.0, 0.5 ] },
                "down": { "texture": "#1", "uv": [ 0.0, 0.0, 16.0, 0.5 ] }
            }
        },
        {
            "name": "3D Texture 3",
            "from": [ 0.0, 15.5, 0.0 ], 
            "to": [ 16.0, 16.0, 0.5 ], 
            "faces": {
                "north": { "texture": "#1", "uv": [ 0.0, 0.0, 16.0, 0.5 ] },
                "east": { "texture": "#1", "uv": [ 0.0, 0.0, 0.5, 0.5 ] },
                "south": { "texture": "#1", "uv": [ 0.0, 0.0, 16.0, 0.5 ] },
                "west": { "texture": "#1", "uv": [ 0.0, 0.0, 0.5, 0.5 ] },
                "up": { "texture": "#1", "uv": [ 0.0, 0.0, 16.0, 0.5 ] },
                "down": { "texture": "#1", "uv": [ 0.0, 0.0, 16.0, 0.5 ] }
            }
        },
        {
            "name": "3D Texture 4",
            "from": [ 0.0, 0.0, 15.5 ], 
            "to": [ 0.5, 16.0, 16.0 ], 
            "faces": {
                "north": { "texture": "#1", "uv": [ 0.0, 0.0, 0.5, 16.0 ] },
                "east": { "texture": "#1", "uv": [ 0.0, 0.0, 0.5, 16.0 ] },
                "south": { "texture": "#1", "uv": [ 0.0, 0.0, 0.5, 16.0 ] },
                "west": { "texture": "#1", "uv": [ 0.0, 0.0, 0.5, 16.0 ] },
                "up": { "texture": "#1", "uv": [ 0.0, 0.0, 0.5, 0.5 ] },
                "down": { "texture": "#1", "uv": [ 0.0, 0.0, 0.5, 0.5 ] }
            }
        },
        {
            "name": "3D Texture 5",
            "from": [ 0.0, 0.0, 0.0 ], 
            "to": [ 0.5, 0.5, 16.0 ], 
            "faces": {
                "north": { "texture": "#1", "uv": [ 0.0, 0.0, 0.5, 0.5 ] },
                "east": { "texture": "#1", "uv": [ 0.0, 0.0, 16.0, 0.5 ] },
                "south": { "texture": "#1", "uv": [ 0.0, 0.0, 0.5, 0.5 ] },
                "west": { "texture": "#1", "uv": [ 0.0, 0.0, 16.0, 0.5 ] },
                "up": { "texture": "#1", "uv": [ 0.0, 0.0, 0.5, 16.0 ] },
                "down": { "texture": "#1", "uv": [ 0.0, 0.0, 0.5, 16.0 ] }
            }
        },
        {
            "name": "3D Texture 5",
            "from": [ 0.0, 15.5, 0.0 ], 
            "to": [ 0.5, 16.0, 16.0 ], 
            "faces": {
                "north": { "texture": "#1", "uv": [ 0.0, 0.0, 0.5, 0.5 ] },
                "east": { "texture": "#1", "uv": [ 0.0, 0.0, 16.0, 0.5 ] },
                "south": { "texture": "#1", "uv": [ 0.0, 0.0, 0.5, 0.5 ] },
                "west": { "texture": "#1", "uv": [ 0.0, 0.0, 16.0, 0.5 ] },
                "up": { "texture": "#1", "uv": [ 0.0, 0.0, 0.5, 16.0 ] },
                "down": { "texture": "#1", "uv": [ 0.0, 0.0, 0.5, 16.0 ] }
            }
        },
        {
            "name": "3D Texture 5",
            "from": [ 15.5, 0.0, 15.5 ], 
            "to": [ 16.0, 16.0, 16.0 ], 
            "faces": {
                "north": { "texture": "#1", "uv": [ 0.0, 0.0, 0.5, 16.0 ] },
                "east": { "texture": "#1", "uv": [ 0.0, 0.0, 0.5, 16.0 ] },
                "south": { "texture": "#1", "uv": [ 0.0, 0.0, 0.5, 16.0 ] },
                "west": { "texture": "#1", "uv": [ 0.0, 0.0, 0.5, 16.0 ] },
                "up": { "texture": "#1", "uv": [ 0.0, 0.0, 0.5, 0.5 ] },
                "down": { "texture": "#1", "uv": [ 0.0, 0.0, 0.5, 0.5 ] }
            }
        },
        {
            "name": "3D Texture 6",
            "from": [ 0.0, 0.0, 15.5 ], 
            "to": [ 16.0, 0.5, 16.0 ], 
            "faces": {
                "north": { "texture": "#1", "uv": [ 0.0, 0.0, 16.0, 0.5 ] },
                "east": { "texture": "#1", "uv": [ 0.0, 0.0, 0.5, 0.5 ] },
                "south": { "texture": "#1", "uv": [ 0.0, 0.0, 16.0, 0.5 ] },
                "west": { "texture": "#1", "uv": [ 0.0, 0.0, 0.5, 0.5 ] },
                "up": { "texture": "#1", "uv": [ 0.0, 0.0, 16.0, 0.5 ] },
                "down": { "texture": "#1", "uv": [ 0.0, 0.0, 16.0, 0.5 ] }
            }
        },
        {
            "name": "3D Texture 7",
            "from": [ 0.0, 15.5, 15.5 ], 
            "to": [ 16.0, 16.0, 16.0 ], 
            "faces": {
                "north": { "texture": "#1", "uv": [ 0.0, 0.0, 16.0, 0.5 ] },
                "east": { "texture": "#1", "uv": [ 0.0, 0.0, 0.5, 0.5 ] },
                "south": { "texture": "#1", "uv": [ 0.0, 0.0, 16.0, 0.5 ] },
                "west": { "texture": "#1", "uv": [ 0.0, 0.0, 0.5, 0.5 ] },
                "up": { "texture": "#1", "uv": [ 0.0, 0.0, 16.0, 0.5 ] },
                "down": { "texture": "#1", "uv": [ 0.0, 0.0, 16.0, 0.5 ] }
            }
        },
        {
            "name": "3D Texture 8",
            "from": [ 15.5, 0.0, 0.0 ], 
            "to": [ 16.0, 0.5, 16.0 ], 
            "faces": {
                "north": { "texture": "#1", "uv": [ 0.0, 0.0, 0.5, 0.5 ] },
                "east": { "texture": "#1", "uv": [ 0.0, 0.0, 16.0, 0.5 ] },
                "south": { "texture": "#1", "uv": [ 0.0, 0.0, 0.5, 0.5 ] },
                "west": { "texture": "#1", "uv": [ 0.0, 0.0, 16.0, 0.5 ] },
                "up": { "texture": "#1", "uv": [ 0.0, 0.0, 0.5, 16.0 ] },
                "down": { "texture": "#1", "uv": [ 0.0, 0.0, 0.5, 16.0 ] }
            }
        },
        {
            "name": "3D Texture 9",
            "from": [ 15.5, 15.5, 0.0 ], 
            "to": [ 16.0, 16.0, 16.0 ], 
            "faces": {
                "north": { "texture": "#1", "uv": [ 0.0, 0.0, 0.5, 0.5 ] },
                "east": { "texture": "#1", "uv": [ 0.0, 0.0, 16.0, 0.5 ] },
                "south": { "texture": "#1", "uv": [ 0.0, 0.0, 0.5, 0.5 ] },
                "west": { "texture": "#1", "uv": [ 0.0, 0.0, 16.0, 0.5 ] },
                "up": { "texture": "#1", "uv": [ 0.0, 0.0, 0.5, 16.0 ] },
                "down": { "texture": "#1", "uv": [ 0.0, 0.0, 0.5, 16.0 ] }
            }
        }
	],
	"display": {
		"thirdperson_righthand": {
			"rotation":  [ 75, 45, 0 ],
			"translation":  [ 0, 2.5, 0 ],
			"scale":  [ 0.375, 0.375, 0.375 ]
		},
		"thirdperson_lefthand": {
			"rotation":  [ 75, 45, 0 ],
			"translation":  [ 0, 2.5, 0 ],
			"scale":  [ 0.375, 0.375, 0.375 ]
		},
		"firstperson_righthand": {
			"rotation":  [ 0, 45, 0 ],
			"scale":  [ 0.4, 0.4, 0.4 ]
		},
		"firstperson_lefthand": {
			"rotation":  [ 0, 45, 0 ],
			"scale":  [ 0.4, 0.4, 0.4 ]
		},
		"gui": {
			"rotation":  [ 30, 225, 0 ],
			"scale":  [ 0.625, 0.625, 0.625 ]
		},
		"ground": {
			"translation":  [ 0, 3, 0 ],
			"scale":  [ 0.25, 0.25, 0.25 ]
		},
		"fixed": {
			"scale":  [ 0.5, 0.5, 0.5 ]
		}
	}
}